filename,h2b_id,predicted_class_id,predicted_class_name,probability,maximum_radius,first_x_position,first_y_position
field8_cell1_before_crop.rpt_tracked - Copie.trxyt,6,0,Immobile,0.9935401,0.06882254053970982,1.1733209,8.2615515
field8_cell1_before_crop.rpt_tracked - Copie.trxyt,9,0,Immobile,0.99989116,0.08056448817345005,2.0527124,5.7908147
field8_cell1_before_crop.rpt_tracked - Copie.trxyt,11,0,Immobile,0.9999993,0.05150463863575782,1.3346219,1.6831794
field8_cell1_before_crop.rpt_tracked - Copie.trxyt,12,2,Mobile,0.99933594,0.14201608667770696,1.3650271,1.6811393
field8_cell1_before_crop.rpt_tracked - Copie.trxyt,13,0,Immobile,0.9787541,0.07618215344980742,1.7220087,2.3133276
field8_cell1_before_crop.rpt_tracked - Copie.trxyt,16,0,Immobile,0.9943298,0.08331892423675417,1.231921,1.6773792
field8_cell1_before_crop.rpt_tracked - Copie.trxyt,17,0,Immobile,0.99996436,0.15234924474850547,1.4775995,4.944229
field8_cell1_before_crop.rpt_tracked - Copie.trxyt,19,2,Mobile,1.0,0.2276087993323857,1.7065516,8.4074893
field8_cell1_before_crop.rpt_tracked - Copie.trxyt,23,0,Immobile,0.99999297,0.07700655346534857,0.91094536,13.393066
field8_cell1_before_crop.rpt_tracked - Copie.trxyt,24,0,Immobile,0.85985273,0.019089525595205485,2.079897,5.1890678
field8_cell1_before_crop.rpt_tracked - Copie.trxyt,26,0,Immobile,1.0,0.08754723984947164,0.87117256,13.374176
field8_cell1_before_crop.rpt_tracked - Copie.trxyt,28,0,Immobile,0.8203395,0.10918385877555353,2.0591365,5.2498845
field8_cell1_before_crop.rpt_tracked - Copie.trxyt,33,0,Immobile,1.0,0.10426500450983402,0.88427263,13.328491
field8_cell1_before_crop.rpt_tracked - Copie.trxyt,34,2,Mobile,0.99999714,0.16512448825731482,1.4706372,0.84536831
field8_cell1_before_crop.rpt_tracked - Copie.trxyt,35,1,Hybrid,0.9952396,0.18914833970006226,1.4767494,14.215037
field8_cell1_before_crop.rpt_tracked - Copie.trxyt,38,0,Immobile,0.99997854,0.15672920524088696,1.2901887,12.654451
field8_cell1_before_crop.rpt_tracked - Copie.trxyt,40,0,Immobile,0.99945015,0.24427846552917817,1.4869693,14.212086
field8_cell1_before_crop.rpt_tracked - Copie.trxyt,41,0,Immobile,0.9801588,0.07479224794107966,1.80931,8.5036609
field8_cell1_before_crop.rpt_tracked - Copie.trxyt,42,0,Immobile,1.0,0.06148482636138697,1.4748406,14.210085
field8_cell1_before_crop.rpt_tracked - Copie.trxyt,44,2,Mobile,0.99998605,0.7047312746841673,1.3266303,9.6040279
field8_cell1_before_crop.rpt_tracked - Copie.trxyt,45,2,Mobile,0.9999988,0.22932631769781703,0.9891462,4.2011712
field8_cell1_before_crop.rpt_tracked - Copie.trxyt,47,2,Mobile,0.9393452,0.26922715859847796,1.8113069,12.352356
field8_cell1_before_crop.rpt_tracked - Copie.trxyt,48,0,Immobile,0.99962854,0.04643882032308752,1.6402635,12.348651
field8_cell1_before_crop.rpt_tracked - Copie.trxyt,49,0,Immobile,0.9999119,0.09631981072261342,1.6968609,12.407838
field8_cell1_before_crop.rpt_tracked - Copie.trxyt,50,2,Mobile,0.95485604,0.14767657867532707,1.6479436,12.401732
field8_cell1_before_crop.rpt_tracked - Copie.trxyt,51,0,Immobile,0.9999299,0.06358089659048569,1.5781572,12.405702
field8_cell1_before_crop.rpt_tracked - Copie.trxyt,53,0,Immobile,0.9933541,0.0796438350799987,1.3030765,11.576866
field8_cell1_before_crop.rpt_tracked - Copie.trxyt,54,2,Mobile,0.99999774,0.3851152140053929,0.89318144,8.3614362
field8_cell1_before_crop.rpt_tracked - Copie.trxyt,56,0,Immobile,0.83913696,0.11366487549134976,0.93085694,5.7036604
field8_cell1_before_crop.rpt_tracked - Copie.trxyt,57,1,Hybrid,0.910725,0.3474971733026075,0.83470612,5.7748669
field8_cell1_before_crop.rpt_tracked - Copie.trxyt,62,0,Immobile,0.94946074,0.016953923889615977,0.85247752,5.5579359
field8_cell1_before_crop.rpt_tracked - Copie.trxyt,64,2,Mobile,0.997437,0.15070282635601082,1.9486308,2.2433342
field8_cell1_before_crop.rpt_tracked - Copie.trxyt,65,0,Immobile,1.0,0.10149988092707322,1.2301743,12.081778
field8_cell1_before_crop.rpt_tracked - Copie.trxyt,67,2,Mobile,0.8524801,0.10871737814392804,1.2269151,12.087881
field8_cell1_before_crop.rpt_tracked - Copie.trxyt,70,2,Mobile,0.9830719,0.15224339712407867,1.556287,4.9305176
field8_cell1_before_crop.rpt_tracked - Copie.trxyt,71,0,Immobile,0.9919431,0.1125920194103026,1.6055501,4.8323406
field8_cell1_before_crop.rpt_tracked - Copie.trxyt,74,0,Immobile,0.9681387,0.1630842787035281,1.8050173,3.7247435
field8_cell1_before_crop.rpt_tracked - Copie.trxyt,76,2,Mobile,0.94918966,0.15528718809383488,1.8326871,3.5189219
field8_cell1_before_crop.rpt_tracked - Copie.trxyt,79,0,Immobile,0.9999988,0.12714772165398794,1.8086605,3.6855162
field8_cell1_before_crop.rpt_tracked - Copie.trxyt,81,2,Mobile,0.9999987,0.46483426945463935,0.80318351,12.596508
field8_cell1_before_crop.rpt_tracked - Copie.trxyt,82,0,Immobile,1.0,0.071158575762307,1.7591088,3.6183079
field8_cell1_before_crop.rpt_tracked - Copie.trxyt,86,2,Mobile,0.9999999,0.3558557103834043,0.85265543,11.902916
field8_cell1_before_crop.rpt_tracked - Copie.trxyt,87,2,Mobile,0.9999993,0.315791445814543,1.0204965,12.320552
field8_cell1_before_crop.rpt_tracked - Copie.trxyt,88,2,Mobile,0.9999989,0.47052197164371706,0.96921604,16.835792
field8_cell1_before_crop.rpt_tracked - Copie.trxyt,90,0,Immobile,1.0,0.11510119563279962,1.4263582,1.0316857
field8_cell1_before_crop.rpt_tracked - Copie.trxyt,91,2,Mobile,0.9999473,0.17429770711199846,1.8903542,1.4982163
field8_cell1_before_crop.rpt_tracked - Copie.trxyt,93,0,Immobile,1.0,0.09029353943754792,1.401412,7.2306332
field8_cell1_before_crop.rpt_tracked - Copie.trxyt,98,0,Immobile,0.9999927,0.23079160549868352,1.4784062,6.8832638
field8_cell1_before_crop.rpt_tracked - Copie.trxyt,101,0,Immobile,1.0,0.13999229558518556,1.4045657,15.666182
field8_cell1_before_crop.rpt_tracked - Copie.trxyt,102,0,Immobile,0.9999999,0.1927409848344659,1.2322066,15.629542
field8_cell1_before_crop.rpt_tracked - Copie.trxyt,105,0,Immobile,0.9999949,0.1800694341268391,1.1895579,15.662205
field8_cell1_before_crop.rpt_tracked - Copie.trxyt,107,2,Mobile,0.5957021,0.16969568180716912,1.2004485,15.54859
field8_cell1_before_crop.rpt_tracked - Copie.trxyt,109,0,Immobile,0.98161155,0.06745153949088148,1.3027537,15.532961
field8_cell1_before_crop.rpt_tracked - Copie.trxyt,112,2,Mobile,0.8884922,0.13600222978892623,1.1940002,15.667836
field8_cell1_before_crop.rpt_tracked - Copie.trxyt,121,0,Immobile,0.97515875,0.10994171565588745,1.2684521,15.672922
field8_cell1_before_crop.rpt_tracked - Copie.trxyt,123,2,Mobile,0.99998295,0.3175283223701619,1.1516571,15.768488
field8_cell1_before_crop.rpt_tracked - Copie.trxyt,126,2,Mobile,0.9999999,0.2015302813895712,1.18171,15.807841
field8_cell1_before_crop.rpt_tracked - Copie.trxyt,129,2,Mobile,0.9997563,0.14909912294322847,1.2302585,15.553543
field8_cell1_before_crop.rpt_tracked - Copie.trxyt,137,0,Immobile,0.9487813,0.050156523037487286,1.2362237,15.677889
field8_cell1_before_crop.rpt_tracked - Copie.trxyt,138,0,Immobile,0.833593,0.2033025243962549,1.3996424,15.756507
field8_cell1_before_crop.rpt_tracked - Copie.trxyt,142,2,Mobile,0.99999917,0.1888508563628992,1.1968994,15.720565
field8_cell1_before_crop.rpt_tracked - Copie.trxyt,145,2,Mobile,0.9656642,0.1717772063120134,1.1565738,15.701022
field8_cell1_before_crop.rpt_tracked - Copie.trxyt,151,0,Immobile,0.9324604,0.06608972418803083,2.0201117,1.9929791
field8_cell1_before_crop.rpt_tracked - Copie.trxyt,152,2,Mobile,0.9999993,0.27896597950008145,1.4375471,15.695948
field8_cell1_before_crop.rpt_tracked - Copie.trxyt,153,2,Mobile,0.99860686,0.197549672350754,1.1401527,15.586941
field8_cell1_before_crop.rpt_tracked - Copie.trxyt,156,0,Immobile,0.97982717,0.0356573265565437,1.2994175,15.645594
field8_cell1_before_crop.rpt_tracked - Copie.trxyt,158,0,Immobile,0.889654,0.08309813345894103,1.0833371,16.824198
field8_cell1_before_crop.rpt_tracked - Copie.trxyt,159,0,Immobile,0.9999896,0.10543434063553465,1.1171739,15.640142
field8_cell1_before_crop.rpt_tracked - Copie.trxyt,160,0,Immobile,0.9999932,0.11381500798141944,1.0925227,16.793057
field8_cell1_before_crop.rpt_tracked - Copie.trxyt,161,2,Mobile,0.9997445,0.16164316822556968,1.2932583,15.5812
field8_cell1_before_crop.rpt_tracked - Copie.trxyt,162,2,Mobile,0.999946,0.19495290958251946,1.0475624,15.578563
field8_cell1_before_crop.rpt_tracked - Copie.trxyt,163,2,Mobile,0.9995309,0.1435678318398802,1.0905628,16.851912
field8_cell1_before_crop.rpt_tracked - Copie.trxyt,176,2,Mobile,0.99999845,0.3036132782856504,1.0790146,15.701986
field8_cell1_before_crop.rpt_tracked - Copie.trxyt,179,2,Mobile,0.99956995,0.16961055969145886,1.8842834,2.0396737
field8_cell1_before_crop.rpt_tracked - Copie.trxyt,180,0,Immobile,0.97982717,0.034573466872154984,1.9252041,1.9710829
field8_cell1_before_crop.rpt_tracked - Copie.trxyt,181,2,Mobile,0.99999905,0.18550547138995618,1.2287816,15.549887
field8_cell1_before_crop.rpt_tracked - Copie.trxyt,182,0,Immobile,0.8535948,0.11686457546767491,1.1831905,15.579606
field8_cell1_before_crop.rpt_tracked - Copie.trxyt,184,0,Immobile,0.9973463,0.12647754421734272,1.0757352,15.522577
field8_cell1_before_crop.rpt_tracked - Copie.trxyt,186,2,Mobile,0.9533252,0.1449088758600039,1.0538499,15.466345
field8_cell1_before_crop.rpt_tracked - Copie.trxyt,188,2,Mobile,1.0,0.24815127040353874,1.0811185,15.469096
field8_cell1_before_crop.rpt_tracked - Copie.trxyt,189,2,Mobile,0.9999999,0.21327771249007582,1.0807045,15.573149
field8_cell1_before_crop.rpt_tracked - Copie.trxyt,190,0,Immobile,0.5088471,0.13213069123413354,1.0442068,15.582517
field8_cell1_before_crop.rpt_tracked - Copie.trxyt,191,0,Immobile,0.99999964,0.11690545458963797,1.0007338,12.553582
field8_cell1_before_crop.rpt_tracked - Copie.trxyt,196,2,Mobile,0.99914217,0.14378061994029118,0.98119791,12.619238
field8_cell1_before_crop.rpt_tracked - Copie.trxyt,202,0,Immobile,0.99997866,0.15364253178400833,1.6623297,5.1997733
field8_cell1_before_crop.rpt_tracked - Copie.trxyt,206,2,Mobile,0.99999845,0.5890779065087213,1.1196026,11.983407
field8_cell1_before_crop.rpt_tracked - Copie.trxyt,210,0,Immobile,0.95739555,0.0773507159395434,1.3849901,8.6949482
field8_cell1_before_crop.rpt_tracked - Copie.trxyt,228,0,Immobile,0.99517894,0.059091179630973704,1.6826804,3.9628382
field8_cell1_before_crop.rpt_tracked - Copie.trxyt,229,2,Mobile,0.98856914,0.13397215750181085,1.7170839,3.8670956
field8_cell1_before_crop.rpt_tracked - Copie.trxyt,230,0,Immobile,0.9977737,0.04580644846307115,1.7321789,3.9001925
field8_cell1_before_crop.rpt_tracked - Copie.trxyt,235,0,Immobile,0.9472703,0.0718378249631765,1.7617439,3.8837197
field8_cell1_before_crop.rpt_tracked - Copie.trxyt,238,0,Immobile,0.9999926,0.18321997075441857,1.6070016,3.9999755
field8_cell1_before_crop.rpt_tracked - Copie.trxyt,240,0,Immobile,0.9999727,0.10552075698937156,1.6484382,4.0618793
field8_cell1_before_crop.rpt_tracked - Copie.trxyt,243,0,Immobile,0.9982779,0.08060780363916395,1.3269863,7.2268872
field8_cell1_before_crop.rpt_tracked - Copie.trxyt,250,0,Immobile,0.9706698,0.12188165618373428,1.658984,9.3301077
field8_cell1_before_crop.rpt_tracked - Copie.trxyt,254,2,Mobile,0.9983632,0.16587794807894138,1.6962101,7.657697
field8_cell1_before_crop.rpt_tracked - Copie.trxyt,255,0,Immobile,0.9995584,0.21910046990036314,1.6992636,7.6028091
field8_cell1_before_crop.rpt_tracked - Copie.trxyt,257,1,Hybrid,1.0,0.2680000238240287,1.9084103,7.6668929
field8_cell1_before_crop.rpt_tracked - Copie.trxyt,259,0,Immobile,0.99999917,0.05617473637178865,1.8529653,7.6543924
field8_cell1_before_crop.rpt_tracked - Copie.trxyt,260,0,Immobile,0.9820224,0.07564476598007269,1.7469439,7.615954
field8_cell1_before_crop.rpt_tracked - Copie.trxyt,262,0,Immobile,0.9905408,0.06473544431424338,0.8644523,12.335917
field8_cell1_before_crop.rpt_tracked - Copie.trxyt,263,2,Mobile,0.99999976,0.41692935865484454,1.4845362,6.5454206
field8_cell1_before_crop.rpt_tracked - Copie.trxyt,264,2,Mobile,0.9999865,0.1692661040223055,1.4667932,8.5047765
field8_cell1_before_crop.rpt_tracked - Copie.trxyt,265,2,Mobile,0.9999999,0.23434674247816994,1.6083357,8.5277609
field8_cell1_before_crop.rpt_tracked - Copie.trxyt,266,0,Immobile,1.0,0.16316845548358982,1.5850769,8.5425935
field8_cell1_before_crop.rpt_tracked - Copie.trxyt,267,0,Immobile,1.0,0.11495411659701438,1.4537191,8.5467601
field8_cell1_before_crop.rpt_tracked - Copie.trxyt,271,0,Immobile,0.99999905,0.1380012583807118,1.4379551,8.501797
field8_cell1_before_crop.rpt_tracked - Copie.trxyt,272,0,Immobile,0.9999993,0.15107097153023819,1.4333101,8.5878438
field8_cell1_before_crop.rpt_tracked - Copie.trxyt,273,0,Immobile,0.99999607,0.11362062830683581,1.4491862,8.6309638
field8_cell1_before_crop.rpt_tracked - Copie.trxyt,274,2,Mobile,1.0,0.31644495086692365,1.6364119,8.4439347
field8_cell1_before_crop.rpt_tracked - Copie.trxyt,277,2,Mobile,0.99946994,0.14858776629066753,1.6079878,4.6362094
field8_cell1_before_crop.rpt_tracked - Copie.trxyt,278,0,Immobile,0.9999747,0.12367359087994563,1.4917955,8.5979381
field8_cell1_before_crop.rpt_tracked - Copie.trxyt,280,2,Mobile,0.800005,0.13657878408248453,1.4245859,8.6398915
field8_cell1_before_crop.rpt_tracked - Copie.trxyt,281,0,Immobile,0.97982717,0.0334290560767126,1.6367245,4.6136445
field8_cell1_before_crop.rpt_tracked - Copie.trxyt,282,2,Mobile,0.9998878,0.1745608602994379,1.5507166,4.4962001
field8_cell1_before_crop.rpt_tracked - Copie.trxyt,283,0,Immobile,0.9906595,0.11186025680021469,1.5335835,8.5144521
field8_cell1_before_crop.rpt_tracked - Copie.trxyt,284,0,Immobile,0.9993255,0.0800534831984218,1.1690473,3.6821351
field8_cell1_before_crop.rpt_tracked - Copie.trxyt,285,0,Immobile,0.99966836,0.10209607281697891,1.4980126,8.5758154
field8_cell1_before_crop.rpt_tracked - Copie.trxyt,287,0,Immobile,0.9994911,0.12795614804494537,1.642364,6.8366924
field8_cell1_before_crop.rpt_tracked - Copie.trxyt,294,2,Mobile,0.99999964,0.23889070483382524,1.0585079,15.391975
field8_cell1_before_crop.rpt_tracked - Copie.trxyt,295,2,Mobile,0.99911374,0.5224726871989493,1.0292935,15.166357
field8_cell1_before_crop.rpt_tracked - Copie.trxyt,296,0,Immobile,0.99933016,0.04925210865727098,0.86848184,15.186422
field8_cell1_before_crop.rpt_tracked - Copie.trxyt,299,2,Mobile,0.968305,0.12828949450336738,0.93626327,15.201457
field8_cell1_before_crop.rpt_tracked - Copie.trxyt,300,0,Immobile,0.9955909,0.09851935665832344,1.4120136,5.0533487
field8_cell1_before_crop.rpt_tracked - Copie.trxyt,302,2,Mobile,0.9996861,0.13972044572892736,1.0789854,15.243501
field8_cell1_before_crop.rpt_tracked - Copie.trxyt,309,2,Mobile,0.9999999,0.21629960625833142,0.99989147,15.309606
field8_cell1_before_crop.rpt_tracked - Copie.trxyt,318,0,Immobile,0.99983644,0.08063176952504514,2.0422989,5.6149474
field8_cell1_before_crop.rpt_tracked - Copie.trxyt,322,0,Immobile,1.0,0.12929521919982176,1.9706761,5.687688
field8_cell1_before_crop.rpt_tracked - Copie.trxyt,323,0,Immobile,1.0,0.18083368178152037,1.3669034,8.5691538
field8_cell1_before_crop.rpt_tracked - Copie.trxyt,325,0,Immobile,0.999962,0.1933283410513055,1.6238147,8.5011605
field8_cell1_before_crop.rpt_tracked - Copie.trxyt,327,0,Immobile,0.9942827,0.047350824385643114,2.0770449,2.975288
field8_cell1_before_crop.rpt_tracked - Copie.trxyt,328,0,Immobile,0.9989807,0.08769868463603116,2.0292588,2.9457527
field8_cell1_before_crop.rpt_tracked - Copie.trxyt,331,2,Mobile,0.99999726,1.0506293729190754,1.9975433,5.6404026
field8_cell1_before_crop.rpt_tracked - Copie.trxyt,333,0,Immobile,0.9999963,0.14598505066632658,1.4935685,4.9145509
field8_cell1_before_crop.rpt_tracked - Copie.trxyt,334,0,Immobile,0.9999918,0.17527287794801572,1.8215216,8.546357
field8_cell1_before_crop.rpt_tracked - Copie.trxyt,337,2,Mobile,0.999691,0.1570363175437454,1.4786489,4.8770325
field8_cell1_before_crop.rpt_tracked - Copie.trxyt,338,2,Mobile,0.99416167,0.13507993906931517,1.4052161,4.904461
field8_cell1_before_crop.rpt_tracked - Copie.trxyt,339,0,Immobile,0.99999964,0.12224726384340877,1.4228713,4.9158906
field8_cell1_before_crop.rpt_tracked - Copie.trxyt,340,0,Immobile,0.9999485,0.1944777929312498,1.6475444,5.0962838
field8_cell1_before_crop.rpt_tracked - Copie.trxyt,341,0,Immobile,0.99999,0.13847465431029937,1.9033988,0.83806845
field8_cell1_before_crop.rpt_tracked - Copie.trxyt,343,0,Immobile,0.99998116,0.15744978728178727,1.8413841,8.5652973
field8_cell1_before_crop.rpt_tracked - Copie.trxyt,344,0,Immobile,0.99999344,0.11418539846377022,1.849847,8.5936579
field8_cell1_before_crop.rpt_tracked - Copie.trxyt,345,2,Mobile,0.9999982,0.26219729997484725,1.7043715,8.5779003
field8_cell1_before_crop.rpt_tracked - Copie.trxyt,351,2,Mobile,0.9999994,0.7477358181661822,1.2321193,2.8763676
field8_cell1_before_crop.rpt_tracked - Copie.trxyt,352,2,Mobile,0.9999994,0.4475866873698657,1.4183938,9.8370695
field8_cell1_before_crop.rpt_tracked - Copie.trxyt,353,0,Immobile,0.9598121,0.06990869424724175,0.85940831,4.4333393
field8_cell1_before_crop.rpt_tracked - Copie.trxyt,356,2,Mobile,0.99999964,0.20759035434711295,1.5342163,9.7181868
field8_cell1_before_crop.rpt_tracked - Copie.trxyt,360,2,Mobile,0.9999999,0.32879551303533633,1.6915806,7.3220414
field8_cell1_before_crop.rpt_tracked - Copie.trxyt,365,2,Mobile,0.9966073,0.16908261342707767,1.423739,9.6132301
field8_cell1_before_crop.rpt_tracked - Copie.trxyt,367,2,Mobile,0.9999995,0.27597194750311077,1.3477155,9.6388966
field8_cell1_before_crop.rpt_tracked - Copie.trxyt,373,0,Immobile,0.99648595,0.027812221863959204,2.0778057,16.39159
field8_cell1_before_crop.rpt_tracked - Copie.trxyt,380,0,Immobile,0.7504508,0.10289548856213042,2.0719048,16.339016
field8_cell1_before_crop.rpt_tracked - Copie.trxyt,384,0,Immobile,0.9999975,0.11277316003823766,1.6575326,7.0461957
field8_cell1_before_crop.rpt_tracked - Copie.trxyt,388,0,Immobile,1.0,0.10314597311887322,1.9947273,16.561745
field8_cell1_before_crop.rpt_tracked - Copie.trxyt,389,0,Immobile,0.9893014,0.04361274732231319,2.0051946,16.459717
field8_cell1_before_crop.rpt_tracked - Copie.trxyt,393,2,Mobile,0.9999964,0.42827216300232457,1.2462409,7.4333432
field8_cell1_before_crop.rpt_tracked - Copie.trxyt,395,2,Mobile,0.9999862,0.3278033509221196,1.2814374,7.5359935
field8_cell1_before_crop.rpt_tracked - Copie.trxyt,397,0,Immobile,0.9243806,0.0626579184394916,1.2472781,6.5957556
field8_cell1_before_crop.rpt_tracked - Copie.trxyt,399,0,Immobile,0.9836347,0.05017316488492627,1.2301985,6.7035538
field8_cell1_before_crop.rpt_tracked - Copie.trxyt,401,0,Immobile,1.0,0.11980724199521535,1.2105078,6.6105312
field8_cell1_before_crop.rpt_tracked - Copie.trxyt,402,0,Immobile,0.9980919,0.04678952319964344,1.9809687,7.2755131
field8_cell1_before_crop.rpt_tracked - Copie.trxyt,405,0,Immobile,0.9965468,0.038665793718996574,1.2581684,6.5824311
field8_cell1_before_crop.rpt_tracked - Copie.trxyt,406,0,Immobile,0.99999976,0.12246831185678182,1.1768783,6.6329635
field8_cell1_before_crop.rpt_tracked - Copie.trxyt,409,0,Immobile,0.9999349,0.08415413513553574,1.2236302,6.6020653
field8_cell1_before_crop.rpt_tracked - Copie.trxyt,410,0,Immobile,0.9999999,0.14597361841921988,1.1866419,6.6163557
field8_cell1_before_crop.rpt_tracked - Copie.trxyt,413,0,Immobile,0.9999999,0.09080394604757004,1.1837078,13.007003
field8_cell1_before_crop.rpt_tracked - Copie.trxyt,415,0,Immobile,0.9982122,0.10300312008517025,1.2772931,6.6081112
field8_cell1_before_crop.rpt_tracked - Copie.trxyt,416,0,Immobile,1.0,0.11134861911474284,1.1875997,13.108513
field8_cell1_before_crop.rpt_tracked - Copie.trxyt,420,2,Mobile,0.9999968,0.17584945032239793,1.0749152,17.141599
field8_cell1_before_crop.rpt_tracked - Copie.trxyt,421,0,Immobile,0.99999964,0.15950739528428226,1.048204,17.17933
field8_cell1_before_crop.rpt_tracked - Copie.trxyt,422,0,Immobile,0.9999697,0.06798192917036172,0.89794858,4.0402713
field8_cell1_before_crop.rpt_tracked - Copie.trxyt,425,0,Immobile,1.0,0.16502105741537962,1.2559544,3.7812085
field8_cell1_before_crop.rpt_tracked - Copie.trxyt,427,0,Immobile,0.9916381,0.1011398968609818,1.4619357,8.5083826
field8_cell1_before_crop.rpt_tracked - Copie.trxyt,436,0,Immobile,0.9983935,0.04656038411912016,1.3329199,3.7119683
field8_cell1_before_crop.rpt_tracked - Copie.trxyt,437,0,Immobile,0.98040545,0.07346458682617088,1.2337325,3.6834137
field8_cell1_before_crop.rpt_tracked - Copie.trxyt,441,0,Immobile,0.99989974,0.029198903837130356,1.7228672,3.1522401
field8_cell1_before_crop.rpt_tracked - Copie.trxyt,442,0,Immobile,0.9989089,0.06511548100912704,1.5821406,7.5500104
field8_cell1_before_crop.rpt_tracked - Copie.trxyt,447,2,Mobile,0.99996614,0.16971801894041796,1.7450914,3.1895768
field8_cell1_before_crop.rpt_tracked - Copie.trxyt,449,0,Immobile,0.9942052,0.03283299585995765,1.8166204,3.1791494
field8_cell1_before_crop.rpt_tracked - Copie.trxyt,455,2,Mobile,0.9999999,0.1985874299410553,0.8196618,10.521594
field8_cell1_before_crop.rpt_tracked - Copie.trxyt,456,2,Mobile,0.9999964,0.5004718782319032,0.9068159,9.9690261
field8_cell1_before_crop.rpt_tracked - Copie.trxyt,458,2,Mobile,0.99999976,0.2793266255087849,0.80378327,10.343648
field8_cell1_before_crop.rpt_tracked - Copie.trxyt,460,2,Mobile,0.99999976,0.23096174744379702,0.81368095,10.484789
field8_cell1_before_crop.rpt_tracked - Copie.trxyt,461,2,Mobile,1.0,0.2766804499385026,0.81947106,10.307361
field8_cell1_before_crop.rpt_tracked - Copie.trxyt,462,2,Mobile,0.9289606,0.1723680656862213,1.6966082,16.399077
field8_cell1_before_crop.rpt_tracked - Copie.trxyt,468,0,Immobile,0.8077716,0.12764092891549347,1.7118823,15.47405
field8_cell1_before_crop.rpt_tracked - Copie.trxyt,469,0,Immobile,1.0,0.1593451160381453,1.7671351,15.547034
field8_cell1_before_crop.rpt_tracked - Copie.trxyt,472,0,Immobile,0.99346775,0.03177794946751648,2.015985,17.574467
field8_cell1_before_crop.rpt_tracked - Copie.trxyt,475,0,Immobile,1.0,0.08212618288834668,1.61033,8.3306186
field8_cell1_before_crop.rpt_tracked - Copie.trxyt,478,0,Immobile,0.9563316,0.05316260660360859,2.0550715,17.554147
field8_cell1_before_crop.rpt_tracked - Copie.trxyt,479,0,Immobile,1.0,0.0662176067692728,2.0303846,17.559072
field8_cell1_before_crop.rpt_tracked - Copie.trxyt,482,0,Immobile,1.0,0.08993146273251797,2.0160172,17.523517
field8_cell1_before_crop.rpt_tracked - Copie.trxyt,485,0,Immobile,0.9605753,0.07926664520944414,1.9853381,17.554701
field8_cell1_before_crop.rpt_tracked - Copie.trxyt,486,0,Immobile,0.96391666,0.05321703721976649,1.4219869,2.1729273
field8_cell1_before_crop.rpt_tracked - Copie.trxyt,487,0,Immobile,0.9724769,0.05416726462181803,2.0453489,17.563372
field8_cell1_before_crop.rpt_tracked - Copie.trxyt,488,0,Immobile,1.0,0.07685671129315912,1.7585607,7.4335084
field8_cell1_before_crop.rpt_tracked - Copie.trxyt,498,2,Mobile,0.9989729,0.2543093651265723,0.86653098,6.812283
field8_cell1_before_crop.rpt_tracked - Copie.trxyt,501,0,Immobile,0.99999726,0.15172228939628432,1.1957819,9.3586792
field8_cell1_before_crop.rpt_tracked - Copie.trxyt,502,0,Immobile,0.9999826,0.15387702057256628,1.2000581,9.3576988
field8_cell1_before_crop.rpt_tracked - Copie.trxyt,504,0,Immobile,0.7586332,0.15474679553800186,1.1797963,9.2309327
field8_cell1_before_crop.rpt_tracked - Copie.trxyt,506,2,Mobile,0.99999917,0.33010064165729763,1.5949008,14.232553
field8_cell1_before_crop.rpt_tracked - Copie.trxyt,507,2,Mobile,0.9999995,0.509309138470625,1.4306341,13.971248
field8_cell1_before_crop.rpt_tracked - Copie.trxyt,509,0,Immobile,0.9905408,0.06751533736892691,2.0025385,5.8331501
field8_cell1_before_crop.rpt_tracked - Copie.trxyt,511,2,Mobile,0.99999964,0.2394192157021733,0.91788483,14.519159
field8_cell1_before_crop.rpt_tracked - Copie.trxyt,514,0,Immobile,0.9651945,0.06114947062698164,1.5123804,17.5818
field8_cell1_before_crop.rpt_tracked - Copie.trxyt,520,2,Mobile,0.9999999,0.40194876275815267,1.3074955,14.818512
field8_cell1_before_crop.rpt_tracked - Copie.trxyt,524,0,Immobile,0.9977737,0.03582896557860553,0.83015449,16.597662
field8_cell1_before_crop.rpt_tracked - Copie.trxyt,527,0,Immobile,0.98767453,0.025565393421968525,1.5315493,6.8588871
field8_cell1_before_crop.rpt_tracked - Copie.trxyt,528,0,Immobile,1.0,0.20230011141099263,1.5153614,6.7735195
field8_cell1_before_crop.rpt_tracked - Copie.trxyt,529,2,Mobile,0.99999976,0.18600244971328841,0.80611725,13.332561
field8_cell1_before_crop.rpt_tracked - Copie.trxyt,530,0,Immobile,0.99999976,0.09429522848336494,1.5292472,6.8554164
field8_cell1_before_crop.rpt_tracked - Copie.trxyt,531,2,Mobile,0.9990397,0.12489086464589783,1.538031,5.026015
field8_cell1_before_crop.rpt_tracked - Copie.trxyt,537,0,Immobile,1.0,0.14825437358006138,0.96040715,12.070547
field8_cell1_before_crop.rpt_tracked - Copie.trxyt,538,0,Immobile,0.9021307,0.07248445261495731,1.4120505,6.8873036
field8_cell1_before_crop.rpt_tracked - Copie.trxyt,539,1,Hybrid,0.9991818,0.2299591380807036,1.4231018,5.6769165
field8_cell1_before_crop.rpt_tracked - Copie.trxyt,540,2,Mobile,0.9999583,0.2783102851444231,1.4574712,5.424037
field8_cell1_before_crop.rpt_tracked - Copie.trxyt,541,0,Immobile,0.9999976,0.18920839051384541,1.3963453,5.559603
field8_cell1_before_crop.rpt_tracked - Copie.trxyt,542,0,Immobile,0.9999157,0.1624293139152229,1.6794417,4.5018722
field8_cell1_before_crop.rpt_tracked - Copie.trxyt,544,0,Immobile,0.9999976,0.11542478638646003,1.2619881,16.998662
field8_cell1_before_crop.rpt_tracked - Copie.trxyt,545,2,Mobile,0.995587,0.13623519586322075,1.3973762,5.8970887
field8_cell1_before_crop.rpt_tracked - Copie.trxyt,548,0,Immobile,0.9999914,0.19332416483142054,1.1167291,4.7350571
field8_cell1_before_crop.rpt_tracked - Copie.trxyt,549,2,Mobile,0.99999917,0.3925920029161318,1.4876189,1.0261472
field8_cell1_before_crop.rpt_tracked - Copie.trxyt,550,2,Mobile,0.999977,0.6195510287016721,1.2843923,1.7745032
field8_cell1_before_crop.rpt_tracked - Copie.trxyt,551,0,Immobile,0.99984944,0.08616627222446087,1.5304897,9.3784024
field8_cell1_before_crop.rpt_tracked - Copie.trxyt,552,0,Immobile,0.9999155,0.25371891291326404,1.0306753,4.7961458
field8_cell1_before_crop.rpt_tracked - Copie.trxyt,553,2,Mobile,1.0,0.21208496214067032,1.0671774,8.55644
field8_cell1_before_crop.rpt_tracked - Copie.trxyt,554,2,Mobile,0.998728,0.14455324904027575,1.1495152,8.4333976
field8_cell1_before_crop.rpt_tracked - Copie.trxyt,555,0,Immobile,0.97686243,0.07949601288448296,1.1908622,8.5098963
field8_cell1_before_crop.rpt_tracked - Copie.trxyt,556,2,Mobile,0.9999995,0.30500801362951463,0.91924745,10.966201
field8_cell1_before_crop.rpt_tracked - Copie.trxyt,558,2,Mobile,0.9999995,0.2320863453049836,0.94228241,10.777206
field8_cell1_before_crop.rpt_tracked - Copie.trxyt,561,2,Mobile,0.84981817,0.13985492489054824,0.95529121,10.973948
field8_cell1_before_crop.rpt_tracked - Copie.trxyt,562,0,Immobile,0.9999974,0.17142181065939194,0.84869288,4.8256504
field8_cell1_before_crop.rpt_tracked - Copie.trxyt,563,0,Immobile,0.9788551,0.05175662470271376,0.97229566,10.961202
field8_cell1_before_crop.rpt_tracked - Copie.trxyt,566,2,Mobile,0.9999974,0.2215976954408173,0.99148916,8.5877062
field8_cell1_before_crop.rpt_tracked - Copie.trxyt,568,1,Hybrid,0.9724727,0.2251519107196129,0.95869885,4.7942244
field8_cell1_before_crop.rpt_tracked - Copie.trxyt,569,2,Mobile,0.99999976,0.30540200626308983,1.1421874,8.302555
field8_cell1_before_crop.rpt_tracked - Copie.trxyt,570,0,Immobile,0.9999999,0.05111696013966731,0.874846,9.2684392
field8_cell1_before_crop.rpt_tracked - Copie.trxyt,571,0,Immobile,0.9816674,0.05425218343301955,1.0957017,8.4903124
field8_cell1_before_crop.rpt_tracked - Copie.trxyt,573,0,Immobile,0.98040545,0.07587211741778495,0.97397029,8.641972
field8_cell1_before_crop.rpt_tracked - Copie.trxyt,574,2,Mobile,0.9258175,0.2890782775695891,1.4469905,9.712439
field8_cell1_before_crop.rpt_tracked - Copie.trxyt,576,2,Mobile,0.999706,0.18194928611503275,1.2926375,1.7660368
field8_cell1_before_crop.rpt_tracked - Copie.trxyt,577,0,Immobile,0.9999999,0.09514096055012286,1.7237587,7.3641665
field8_cell1_before_crop.rpt_tracked - Copie.trxyt,581,0,Immobile,0.91320014,0.09713642762985417,1.3381633,11.699553
field8_cell1_before_crop.rpt_tracked - Copie.trxyt,582,2,Mobile,0.99999917,0.3706724461357356,1.2643433,11.412191
field8_cell1_before_crop.rpt_tracked - Copie.trxyt,583,2,Mobile,0.99995875,0.19236746760897439,1.1597352,11.666706
field8_cell1_before_crop.rpt_tracked - Copie.trxyt,584,0,Immobile,0.9999999,0.12717238466888184,1.2133969,7.9168615
field8_cell1_before_crop.rpt_tracked - Copie.trxyt,587,2,Mobile,1.0,0.3175323718129529,1.603112,10.996254
field8_cell1_before_crop.rpt_tracked - Copie.trxyt,589,0,Immobile,0.9999995,0.12521581517947317,1.300201,7.8325409
field8_cell1_before_crop.rpt_tracked - Copie.trxyt,592,2,Mobile,0.9999999,0.2211981052655978,1.5682787,10.991328
field8_cell1_before_crop.rpt_tracked - Copie.trxyt,593,0,Immobile,0.9787541,0.08038214493281433,1.4915309,17.561461
field8_cell1_before_crop.rpt_tracked - Copie.trxyt,599,2,Mobile,0.9999999,0.2350853248585502,1.5649922,2.5466468
field8_cell1_before_crop.rpt_tracked - Copie.trxyt,600,0,Immobile,0.9598121,0.07159795173138675,1.645205,7.362487
field8_cell1_before_crop.rpt_tracked - Copie.trxyt,602,2,Mobile,0.9999982,0.20761143372562643,1.5211425,17.585905
field8_cell1_before_crop.rpt_tracked - Copie.trxyt,603,2,Mobile,0.9991829,0.17274819207473624,1.7735067,6.8701796
field8_cell1_before_crop.rpt_tracked - Copie.trxyt,604,0,Immobile,0.9996145,0.051615675927764434,1.761606,6.8667233
field8_cell1_before_crop.rpt_tracked - Copie.trxyt,605,0,Immobile,0.9999678,0.05483498900236969,1.8200458,6.8234344
field8_cell1_before_crop.rpt_tracked - Copie.trxyt,606,0,Immobile,0.99999166,0.16987412750033468,1.5939246,6.8537219
field8_cell1_before_crop.rpt_tracked - Copie.trxyt,607,2,Mobile,0.9962997,0.17257943497143557,1.6804149,6.9342565
field8_cell1_before_crop.rpt_tracked - Copie.trxyt,609,2,Mobile,0.9997601,0.16212358013752914,1.2525838,12.670896
field8_cell1_before_crop.rpt_tracked - Copie.trxyt,612,0,Immobile,0.91672695,0.11912528698278155,1.8694631,6.3682004
field8_cell1_before_crop.rpt_tracked - Copie.trxyt,617,0,Immobile,0.6239867,0.12042640037935548,0.83271554,13.431725
field8_cell1_before_crop.rpt_tracked - Copie.trxyt,622,0,Immobile,0.9998971,0.10313511858871731,0.89318767,13.389722
field8_cell1_before_crop.rpt_tracked - Copie.trxyt,624,0,Immobile,0.9999871,0.15575820726090145,1.3927941,8.5956504
field8_cell1_before_crop.rpt_tracked - Copie.trxyt,625,0,Immobile,0.9518197,0.1114903930253074,0.82414119,13.486696
field8_cell1_before_crop.rpt_tracked - Copie.trxyt,626,0,Immobile,0.9983935,0.04667704721819914,0.85652428,13.405913
field8_cell1_before_crop.rpt_tracked - Copie.trxyt,629,0,Immobile,0.9996325,0.08660582634906225,0.83891017,13.420326
field8_cell1_before_crop.rpt_tracked - Copie.trxyt,630,0,Immobile,0.84373176,0.018204031119331675,0.81621884,13.417121
field8_cell1_before_crop.rpt_tracked - Copie.trxyt,631,2,Mobile,0.9999857,0.16167284621930186,1.2701523,8.7200058
field8_cell1_before_crop.rpt_tracked - Copie.trxyt,632,0,Immobile,0.9710931,0.05334224101642474,0.81704607,13.394061
field8_cell1_before_crop.rpt_tracked - Copie.trxyt,633,0,Immobile,0.7625547,0.12488340477926806,0.81556822,4.6743124
field8_cell1_before_crop.rpt_tracked - Copie.trxyt,634,0,Immobile,0.9999807,0.10210593408511355,0.90043509,13.457302
field8_cell1_before_crop.rpt_tracked - Copie.trxyt,635,0,Immobile,0.64645404,0.2257350803456343,1.8690395,7.4940024
field8_cell1_before_crop.rpt_tracked - Copie.trxyt,636,0,Immobile,0.99999976,0.14232409280402952,1.9873555,3.8166422
field8_cell1_before_crop.rpt_tracked - Copie.trxyt,637,0,Immobile,0.999998,0.09549386456086467,0.83695597,13.470913
field8_cell1_before_crop.rpt_tracked - Copie.trxyt,638,0,Immobile,0.90444326,0.12142939799670052,0.90638385,13.353893
field8_cell1_before_crop.rpt_tracked - Copie.trxyt,640,2,Mobile,0.9998179,0.13805371839648692,0.95082644,13.488438
field8_cell1_before_crop.rpt_tracked - Copie.trxyt,641,2,Mobile,0.99972934,0.17620216970934255,1.8844746,3.7813102
field8_cell1_before_crop.rpt_tracked - Copie.trxyt,642,0,Immobile,0.9999999,0.10890599565887063,1.9300531,3.7175444
field8_cell1_before_crop.rpt_tracked - Copie.trxyt,643,0,Immobile,0.9989986,0.05072539327200934,1.9884153,3.7487984
field8_cell1_before_crop.rpt_tracked - Copie.trxyt,645,0,Immobile,0.96409225,0.16082349653467967,2.0430198,15.368474
field8_cell1_before_crop.rpt_tracked - Copie.trxyt,646,0,Immobile,1.0,0.13199717728042593,2.0780172,15.329605
field8_cell1_before_crop.rpt_tracked - Copie.trxyt,647,0,Immobile,1.0,0.1897668100643526,1.8872657,15.340547
field8_cell1_before_crop.rpt_tracked - Copie.trxyt,649,0,Immobile,0.89930904,0.17819513672651138,1.3720935,4.0000613
field8_cell1_before_crop.rpt_tracked - Copie.trxyt,650,2,Mobile,0.99999857,0.38441315814332905,0.91011193,4.0171413
field8_cell1_before_crop.rpt_tracked - Copie.trxyt,652,2,Mobile,0.9999989,0.18480192876352952,0.96673415,4.4959842
field8_cell1_before_crop.rpt_tracked - Copie.trxyt,658,0,Immobile,0.99999964,0.3238336270520566,2.0077839,9.5186947
field8_cell1_before_crop.rpt_tracked - Copie.trxyt,659,0,Immobile,0.9999995,0.07169571582716766,1.8773156,4.9945109
field8_cell1_before_crop.rpt_tracked - Copie.trxyt,660,0,Immobile,1.0,0.14260016937844064,1.7706593,14.194555
field8_cell1_before_crop.rpt_tracked - Copie.trxyt,664,0,Immobile,0.9997664,0.2102286300484546,1.9810118,9.6608039
field8_cell1_before_crop.rpt_tracked - Copie.trxyt,665,0,Immobile,0.9999945,0.07006889900262474,1.2881454,12.237392
field8_cell1_before_crop.rpt_tracked - Copie.trxyt,667,0,Immobile,0.90891874,0.21340581704529527,1.7071165,4.6074775
field8_cell1_before_crop.rpt_tracked - Copie.trxyt,676,2,Mobile,0.9999987,0.26297793667866914,1.2744264,2.7409465
field8_cell1_before_crop.rpt_tracked - Copie.trxyt,680,2,Mobile,0.9999999,0.2333575200530937,1.3025939,8.6971888
field8_cell1_before_crop.rpt_tracked - Copie.trxyt,681,2,Mobile,0.9999999,0.19742015112672667,1.3586827,8.7569275
field8_cell1_before_crop.rpt_tracked - Copie.trxyt,685,0,Immobile,0.99914277,0.08989593101859544,1.3270883,8.6874889
field8_cell1_before_crop.rpt_tracked - Copie.trxyt,686,2,Mobile,0.9999924,0.2773678701133928,1.2769443,8.6204374
field8_cell1_before_crop.rpt_tracked - Copie.trxyt,691,2,Mobile,0.97712564,0.15955773386210406,1.3425433,8.6210839
field8_cell1_before_crop.rpt_tracked - Copie.trxyt,692,2,Mobile,0.5630177,0.0089249675237502,1.2710249,8.7708937
field8_cell1_before_crop.rpt_tracked - Copie.trxyt,693,2,Mobile,0.99969363,0.17551577781663877,1.2390056,8.7032803
field8_cell1_before_crop.rpt_tracked - Copie.trxyt,701,2,Mobile,0.9902614,0.13505729304265685,1.2052292,12.93674
field8_cell1_before_crop.rpt_tracked - Copie.trxyt,702,0,Immobile,0.99999976,0.03324866187758524,2.0642133,2.7001212
field8_cell1_before_crop.rpt_tracked - Copie.trxyt,706,2,Mobile,0.99999976,0.29340085990562603,1.8350901,10.908119
field8_cell1_before_crop.rpt_tracked - Copie.trxyt,708,2,Mobile,0.9999995,0.2465937042271954,1.74161,11.463308
field8_cell1_before_crop.rpt_tracked - Copie.trxyt,710,2,Mobile,0.99999046,0.5555962765743583,1.9350606,10.865013
field8_cell1_before_crop.rpt_tracked - Copie.trxyt,711,0,Immobile,0.99757975,0.03788603236893384,1.2605813,8.1284167
field8_cell1_before_crop.rpt_tracked - Copie.trxyt,720,0,Immobile,0.9947923,0.07164657329481974,1.5847698,16.555362
field8_cell1_before_crop.rpt_tracked - Copie.trxyt,721,0,Immobile,1.0,0.1621128625284255,1.5658918,16.523244
field8_cell1_before_crop.rpt_tracked - Copie.trxyt,722,0,Immobile,0.99999976,0.19982075769659452,1.6054036,16.599703
field8_cell1_before_crop.rpt_tracked - Copie.trxyt,723,0,Immobile,0.9999913,0.07343835163870435,1.5977484,16.518871
field8_cell1_before_crop.rpt_tracked - Copie.trxyt,726,0,Immobile,1.0,0.1474029499564035,1.6621305,4.4711648
field8_cell1_before_crop.rpt_tracked - Copie.trxyt,730,0,Immobile,1.0,0.11202260184949275,1.5919341,8.6891292
field8_cell1_before_crop.rpt_tracked - Copie.trxyt,731,0,Immobile,0.9967265,0.07341453884191887,0.858307,1.2346011
field8_cell1_before_crop.rpt_tracked - Copie.trxyt,732,0,Immobile,1.0,0.0656492106031748,1.9752748,7.7579027
field8_cell1_before_crop.rpt_tracked - Copie.trxyt,733,0,Immobile,0.99992585,0.05939230423969074,1.7335834,9.3517008
field8_cell1_before_crop.rpt_tracked - Copie.trxyt,739,0,Immobile,0.9970457,0.11270802210685803,1.0225206,13.655738
field8_cell1_before_crop.rpt_tracked - Copie.trxyt,740,0,Immobile,1.0,0.08393126935779055,1.583203,3.2493704
field8_cell1_before_crop.rpt_tracked - Copie.trxyt,741,0,Immobile,0.98655486,0.10370683698816567,1.9910886,8.0981305
field8_cell1_before_crop.rpt_tracked - Copie.trxyt,743,0,Immobile,0.9995981,0.3103749943250099,2.0549614,8.0466838
field8_cell1_before_crop.rpt_tracked - Copie.trxyt,744,0,Immobile,0.99739397,0.2826407819570274,2.0586464,8.0847893
field8_cell1_before_crop.rpt_tracked - Copie.trxyt,745,0,Immobile,0.99999416,0.09682602663566355,1.8461712,8.1847211
field8_cell1_before_crop.rpt_tracked - Copie.trxyt,746,2,Mobile,0.95648557,0.12448162493416463,1.8800449,7.7456925
field8_cell1_before_crop.rpt_tracked - Copie.trxyt,747,0,Immobile,0.9883853,0.06501331876546548,1.9132874,7.8281372
